candidate_id,design_sequence,mutation_count,pretrain_source
WT_anchor,DSPDRPWNPPTFSPALLVVTEGDNATFTCSFSNTSESFVLNWYRMSPSNQTDKLAAFPEDRSQPGQDCRFRVTQLPNGRDFHMSVVRARRNDSGTYLCGAISLAPKAQIKESLRAELRVTER,0,WT_anchor
local_mosaic_0000,DSPDRPWNEPTFSPALLVVTEGDNATFTCSFWNTSESFVLNWYRMSPSNQTDKLAAFPEDRSQPGQDCRFRVTQAPNGFDFHYSVVRARRNDSGTYLCGAISLAPKAQIKECLRAELRVTER,6,WT_anchored_local_mosaic
local_mosaic_0001,DSPDRPWNPPTDSPPLLVVTEGDAATFRCSFSNTAESFVLNWYRMSPSNQTDKQAAFPEDRSQPGQDCRFHVTQLPNVPDFIMGVVRARRNDIFTYLSKAISLAPKAQIKESLRAELRVTER,15,WT_anchored_local_mosaic
local_mosaic_0002,DPRDRPWNPPDFSPALLFVTEGDNATFSCSFSNTSEDFVANWYRMSPSGFIVKLAAFPEDRSHEGQDCRFRVTQLPNGRDFHMSNVGMVRNDLGTYLCGAWSSAPKAQIKESLQAELRVTER,21,WT_anchored_local_mosaic
local_mosaic_0003,DSPDRKWNPPTFSPALLVVNEGDNATHTCHFSQTQEPFVLNWYRMSPYWQTDKFTQFHEDRSQQGQDGRFRVTQLPNGRDQHMSVVRARYNDSGGYLCGAISVACKHQCKENLRATLKVTER,25,WT_anchored_local_mosaic
local_mosaic_0004,DSPDATLNPHTFDPALPVTTEMDNATFTCSFSETREYFVLNKYRMSPSKQTDKLRAFAEDRSQPGNDCRFRVTQLPNWRDFHMDVCRARRNDSGTYLCGAISLAPEAQIKESLRAELRVTHR,21,WT_anchored_local_mosaic
local_mosaic_0005,DSPDRPWNPPTFSPALLVVTMGDNATFTVSFSNTSESFVLNWYRMSPSDQWDKLAAFPEDPSQPGQDCRFRVTQLPMGRDFHFSVVRARRNPSGTYLCGAISLAPKGQIGESLCADLRVTER,12,WT_anchored_local_mosaic
local_mosaic_0006,DSPDRPWNPPTFSPALLVVTEGCNATFTCSFSNTSEMFVLNWYRMSPSNQFDKLAAFPEDRSSPGQHCRARVTQLPNKRDFHMDVVRARRNDSGTYLCGAISLSAKAQIKESLRAELRVTER,10,WT_anchored_local_mosaic
local_mosaic_0007,ASPDRPWNNPTFSPALLVPTEGDNATFTISFSNTSESFPLNWYIMSRSNQTDKLAAFPEDRSQPGQDCRFRVNQLPGGRDFHMSVVRAQRNTSGTYACRAISLAPKRQIKEKLRAELRVTHR,16,WT_anchored_local_mosaic
local_mosaic_0008,DSPDRPWNPPRFSPALLVVTEKDNALFYCSFSNTSESFVLNWYCMSPSNQTDKYAAFPEDGSQCGQDCRLRVTQLTNGRDFHMSVERARRNDSGTYLCGAISLAPKAQIKEKLRAQLLVTER,14,WT_anchored_local_mosaic
local_mosaic_0009,DSPDRPWNFNTFSPAVLVVTEGDNATFTCSFMDTSCSFVLNWYIRSPSNQTDKLAAFPEDRSQPVQDSLFRVEQLPNGRDFHMTVVRARRNDSGTKLCGAISLAPKAQIKESLRAELRVTMR,15,WT_anchored_local_mosaic
local_mosaic_0010,DSPDRPINPPTFSPALLVVTEGDNATFTCSFSFTSESFVLNWEYMSPSNQTDKLAAFPEDRSQPGQDCRFRVTDLPNGRDFHMSVVPARRNDVGWYLPSAISLAFKAQIKESLRAELRVTER,11,WT_anchored_local_mosaic
local_mosaic_0011,CSTDWPHNPPCFSVALLVVTEGDNATFCCSFSNTSWSFVLNKYNRSPSNQTDWLAIFPEDRSQPGQECRFCVCQLPNGRDFHMSVVVAGRNRDGQYLCGAISLAPKAQIFESLRRELAVTER,24,WT_anchored_local_mosaic
local_mosaic_0012,DSPDRPWNPPTESPALLVVTEYDNATFTCSFSCTSESFVLNWYPMSPSNQTDKCAAFPEDRSQPIQVCRFRVTQDPNGRDFHMSVVRARRNDSGTYLCGAISLAPKNQIKESLRAELRVTEM,10,WT_anchored_local_mosaic
local_mosaic_0013,DSPDRDWNPPTFYPALLVYPEGDNATFTCSFSNTSESFVINWYRMSPSNQTDQLAAFPEDRSQPGQDCRFRVMKLPNIRGFHMSVVRARRNDSGTYLCGTISLMPKAQIKESLREELRVTER,13,WT_anchored_local_mosaic
local_mosaic_0014,DSPDRPWNPPTFSPALLVVTEGDNATFTCVFSNTSESFVLNWYRMSPSNQTDKIAAFPEYRSQPGQDCRFRVTQLPNGRDFHMSVVRARRRDSGTYLCGAISLAPKAQIKESLRAELRVTER,4,WT_anchored_local_mosaic
local_mosaic_0015,DSPEVPWNPLTFSPALLVVTIGDNATFTCSESNKSESFVLNWYRMMPSNQTDKLAAFPEDRSQEGQDCRFRVMQLPNRSDFHMSVNRARRNDEGTSVCGAISLAPKADIKESLRAELRVDER,17,WT_anchored_local_mosaic
local_mosaic_0016,PSPDRPWNPPTFSPALLHVTEGDLATFTCSFKNTSESFVTNWYRMSPSQQTDKLAAFPKNRKHPGQDCRFRVTQLPNTRDFHMWVVRARRNYSGTYGCGAISLAPKAQIKESLRAELRVTER,14,WT_anchored_local_mosaic
local_mosaic_0017,QIPDRCWNPPTFSPALSVVTEGLNATFTCSVSNTSESFVLNWYRMSPSNQCDKLAAEQEDRSQEGQDCRRRVTQLPNGRDFNMSVVRARENDSGTYLCGAGSLLPKAQIKHSLRAELRVTEA,17,WT_anchored_local_mosaic
local_mosaic_0018,DSPDRPWNQPTFSPALLVVTEGDNATFQCSFSNTSESFVLNWYRMSPSNQTDKLAAFPEDMSQPGQDCRFRVTQWPNGRDFHMSVVRARRNDSGTYLCGAISLAPKAQIKESLRAELRWTER,5,WT_anchored_local_mosaic
local_mosaic_0019,DSPYRPWNPPTFSPAKVVVNNGDNATFTCSPSNTSESIVLNWYQMSPSNLTDLLAAQCEDRSYDGQDCRFRVTQLPNGADFHMSFVRARRGDSGTYLCGAFSYAPKAQIKESLRAELRVVER,20,WT_anchored_local_mosaic
local_mosaic_0020,DPPDRPWNPPTFSPALLVVEEADNATFTCSFVATTYSDVLNWSRMSPSNQGYKLAAFPEDRSQPNQDCHFRVTQLPNGRDFHMSVVRARRWLSGCYLNGMISLAPKAQIMESLRAELRVTDR,20,WT_anchored_local_mosaic
local_mosaic_0021,DSPDRPWNPPTFSPALLVVTEGDNATFTCSFSNTSESFVLNWYEMSPSNQTDKLAAFPEDRSQPGQDCRFRVTQLPNGRDFGMSVVRARRNDSGTYLCGAISLAPKAQIKESLRAELRVTMR,3,WT_anchored_local_mosaic
local_mosaic_0022,DSPDRVWNPPTFAPALLVVTEGDNATCTLWFSNTYESFVLNWYRMSPSNENDKLAAFPEFRSQPGQDCQFRVTQLPNRRDFHMSVVRANRCDSGPYLCGAISLAPKAQIKESLRAELRFTER,15,WT_anchored_local_mosaic
local_mosaic_0023,DSPDRPWNPPTFSPALLVVTEGDNATFTCSFSNTSESFQLNWFRMSPSNQTDKLAAFPEDRSQPGQDCRFRLTQLPNGRDFHMSVVRARENNSGTYLCGSISLAPKRQIKESLRAELRVWER,8,WT_anchored_local_mosaic
local_mosaic_0024,DSPAWPWNPPTFDPALKVVTEGYNATFTCSFSNHSESFVLNKYRMSPSNQTDKSHAFPEAHSQPAQDCRFRSTQLPNGRDFHMSTVRARGNDFGQYLCGAISLAPKAQIKESLRAELRVTER,17,WT_anchored_local_mosaic
local_mosaic_0025,DSPDRPWNPPTFSPAQLVVTEGDGATFTTSFSNTSESFVLNWYRMSPSNGTDKLAAFPECRSQPGQVCRFRVCQLPNGRDFHMSVVRARRNDSGTYLCGAISLAPKAQIKESLPAELRVTER,8,WT_anchored_local_mosaic
local_mosaic_0026,DSPDRPWNPPTFSPALLVVTEGDNATFTCMQFNTSESFVLNWYRMSPSNLCDKLAAFPEDRSQPGQDCRFRVTQLPNGRDFHMSVTRARRNDSGTYLCGAISLALKAQIKESLRAELVVTER,8,WT_anchored_local_mosaic
local_mosaic_0027,DSPDRPNNPPTFSPALLVVCVGDNLTFTLSFSETSESFVPNWYRMNPSNQTDILAKFPEDRPQPGQLCRFRPTQLPNGRDFHNSVVRARRNDSGTYLKIIESLAPKAQIKLSLRAELRVTER,19,WT_anchored_local_mosaic
local_mosaic_0028,SSPYRCANPPTFSPQLLVVREGDAATFHCSFSYTSEVCVDNWQRMSPSLQTDWLAAFPEDRSQPWQDCRFRVTQLPNGRDFHMSVTRANRNDLGTYKCGAIWEAPKAQIKEKLRAELRVTFR,24,WT_anchored_local_mosaic
local_mosaic_0029,DSPDRQWNPPTFSPALLVVTEGDNATFTCSFSNTSESFVLNWYRMSPVNQTDKLAAFPEDRSQPGQDCRFRVTQLPNGRDFHMSVVRARVNDSGTYLCGAISLAPKAQIKENLRAELRVTER,4,WT_anchored_local_mosaic
local_mosaic_0030,DWPDRPWNPPTLSPQLLVVTEGDVETFTCSFSNTSESFVLNWYRMSPSNQTDKLAAFPEDRSQPGQACWQRVGQLPVNRDFNMSVVCARRLDSGTYLCWYISLTPFAQSKHSLRAELRVTER,20,WT_anchored_local_mosaic
local_mosaic_0031,DSPFRPWNPPTFKPCLLVVTEGVNQPFTCSFSITSESFVLVWVRMQPSNQWDKIAAFDEDPSQPGQDCRFRVKQLPWGRDFVMSVVRARRNISGTYLCGAFSHAPKAQIYESCRAELRPTHR,24,WT_anchored_local_mosaic
local_mosaic_0032,DSPIDEWNPPTQSPAPLVVTEGDNATFTCSFSNTSESFHLNWYRMSPSNQTDKLAAFPEDRSQPAQDCRFRVEQLHNGRDFHMSVIRALRNDSGTYLCGAISLAPKAQIKESLRAEWRVTER,12,WT_anchored_local_mosaic
local_mosaic_0033,DHSDRPWNPPTFSPALLVVTEGDNAIFTCSFSNTSESFVLNWYRFSPSNQTDKLAAAPEDRSQPGQDCRFRVIELPNGIDFHMSVVRARRNDFGTYLCGAISTAPKAQIKEASRAELRVTER,12,WT_anchored_local_mosaic
local_mosaic_0034,DSPERPWNPPTFSPALLVVTEKDNATFTCSFSNTSESFVLNWYRMSPSNQTDKLAAFPEDRSQPGQDCRFWVGQLPNGRDFHMSVVRARRNDSGTYLCGAISLWPKAQIKEILRAELRVTER,6,WT_anchored_local_mosaic
local_mosaic_0035,DSPDRPWNPPDFSPALLVVTEGDNATFTCSFSNTSESFVLNNYRMSPSNQTDKLAAFPEDRSQPGADCRFQVTQLPNGRDFHMSVVRARRVDSGTYLCGAIFLAPKAQTKESLRAELRVTER,7,WT_anchored_local_mosaic
local_mosaic_0036,DSPDRPWNPPTFSPPLLPVTEGDNATFTCSFSNSSESFSFNEYRMSPSNQTDKLAAFPEDRSQPGQDTRRRDTQLPFGRDWLMIVVRARINDSGIYLCGAIWLAPKAQIKESLMAELRVTER,17,WT_anchored_local_mosaic
local_mosaic_0037,DSPDHPWNCPTWSDALLVVTEGDNATFTCSFSNTSRSFVLNMYAHSPEAQIDKLAAFPKDFKQPGQDYRFRVIQLPNGRDFHSSVVMLRRNDSGTYACGEISRAPKAQIKPSLRAELRVTEN,24,WT_anchored_local_mosaic
local_mosaic_0038,QSPDRPWNSYTWSPALLVATEGDNATFTPSFSNTRESFVLYWYRMSPSNQTDKLAAFPEDTSQPGQDCRFGVTQLPNGPDIHMSVVRARQNDKGTYLCGAIPLAPKFQIKEALRAELRVDER,18,WT_anchored_local_mosaic
local_mosaic_0039,DFPDRPWNPPTFSPALLVVTEGDNATFTCSFSNTSESFVLVWYRMSASNQADKLAAPPETRSQPGQDCSFRVTQRPNGRHDHMSVVRARYNDSGTYLCHAISLAPKAQIQESLRANLRVTER,14,WT_anchored_local_mosaic
local_mosaic_0040,DSPDSPWNPPTFSPALLVVTEGDNATFTCSFSNWSRSFVLNWMRMSPDFQTDKLSAFPYDRSQPGNDCEFRVWQYPNFQDFRMSVVRARRNDSGTYVCGAISLAPKAQIEESLRAELRVTHT,19,WT_anchored_local_mosaic
local_mosaic_0041,DSPDRPWNPPTFSPALLVVTEGDVPTHTHVFSNTSESFVLPWYLYQPSNQTDKLAAFPEDRLQPGQDCRFRVMQLPNGRDFHMSVVRARRNDSVTYLCGAISLAKKAQIKESLRAELRVTER,13,WT_anchored_local_mosaic
local_mosaic_0042,DPPDRPWNPPTFSPELRVVTEGDNPTFTCSFSNTSESFVLNWYRMSPSNQTDKLHKSPEERSQPGQDCRFRVTQLPNGRDFHMSVVDARRNDSGTYYTLAISLAPKAQIKESLRARLRVTER,13,WT_anchored_local_mosaic
local_mosaic_0043,DSPDRPWNPPTFSPALLVVTIGDNAQFTCRFSNTSESHVLNWYRMSPSNQTDLLAAFPEDRSQPGQDCRFRVTQLPNGRDGHMSVVRWRRNDQGTYLCGAISYAPKAQIKESLRAELVVTER,10,WT_anchored_local_mosaic
local_mosaic_0044,PSKWAIWNPPTFSPRLLVGTEGDNITFTNSFSNTSCSFVLNWYRMSPSCTIDKLAAFPEDRSQPGQDMRYRVTQLPNGRDFSMSVVRHRRNDYPTYLCGPISQACKAQIHESDAAELRVTER,25,WT_anchored_local_mosaic
local_mosaic_0045,DSPDRPWNTPTFSPALLVVTEGDNATFTCSNSNTSLSFVLNWYMMSTSNQGDKLAAFPEDRSQPGQACRFRVAQLPNGRDFHMSVERRRRNDSGTYLCGAIALAPKAQIKESLRATLRVTER,12,WT_anchored_local_mosaic
local_mosaic_0046,DSPDRPWPPPTFSPALLVVTEGDNATTTCSFSNLSDSFVLNWYRMSPSNQTDKLAAFPEYRSQTGQDCRFRVTQLPRVRDFHMSVVYARRNDSGTYLIGAISLAPKAQIKESLRIELRCTER,12,WT_anchored_local_mosaic
local_mosaic_0047,ASPDVPWNLPTLSPALLWVTVGDNATFTLSPSNTSESFVLNWYRMSPSNQTDKLSAYPEDRRQPGQDCRFRVTQLPNGRDFHMSVVRTRENDSGTYLCGAISLAPKAQIQESLRAELRVIER,15,WT_anchored_local_mosaic
local_mosaic_0048,DSPDQPWCDPTFSPALLVVTEGDNVTFTTEFSPTSPAFVLNWMRESPSNQSDKFAAMPEDRSVPGQDCRGRVTQIPNGRDFHMSAVRTRRNISGTYLCCAISLAPKAQIKESLSALLRDSER,25,WT_anchored_local_mosaic
broad_mpnn_0000,MSNLRPWQFPIFSPALAVVTRAYNVNEWVPFSNTSEANVLNWYRTWPSDQTWKVAAFPENRSQPGQDCRPRENSLRFGRDFHGGVPCIRRNESGTMLDGAISKAPKAQAKEWLRAECRHLER,44,broad_proxy_stable_MPNN
broad_mpnn_0001,HSPDRPWFPVTFLPKLLIVTEHDELTFTCSFFSKSEGFVMRGKRIPTVNRHDCGGNFLMAMTQSVHDCRFQVQQLWNGPDWRDNHQRKVSNSDGTYLKGLISAMGGACPKERLYAESRSTMG,64,broad_proxy_stable_MPNN
broad_mpnn_0002,ASMDNPYNPITFSIILLVVTEGICNTQNCSDSNTFESFVYNAYRQSPNNQTDKLAAFPRDRSIITQGCRFRVEGLNNGCHFHSSVVRARRFDSGSAKCGATSLFTKKQQIESLRAEFRHTAR,42,broad_proxy_stable_MPNN
broad_mpnn_0003,DKPYRPENPPTNCPAWQAPTEKDNATFGCSFYNTSKSFRHQWIRMVHSNLTDKLANYPEDRSQEGLIPRFRVFQFPNGRRFHMSVLGGRRNDSGTNLFGAISWSPKACIYESLRAALRITDR,41,broad_proxy_stable_MPNN
broad_mpnn_0004,DSPCRPWVPKTNSPPLLEVTEGDLNYDTCSDYNFVESSEFMKRRCGSSNTTCKMLAFPEDDEQIGNDGDFRCEQYANGRDKIMSDVIQRIVFFIYKLCGADSLAPKATIKSSLRLELEVSQE,57,broad_proxy_stable_MPNN
broad_mpnn_0005,SSKMQPWNPKTFSPTSWCVAQGDNATKTCSKHLCTPKFVGIRYRMSESNRIWCTAATPPLRSGLFQCLRFRHTQLPTGDDFECRVLYMGRMDSGTYACSAISTDHKAENKESRVACHQVKER,60,broad_proxy_stable_MPNN
broad_mpnn_0006,ESPDIPYSEQQCSANKLSVTETDSFAVTKSFSNTLESFHRTWRRMKPVMLDDKLAAFPVDRSQPGCDCRPRHTQLPHGVDFHMSGVRAWRKDSITWFMIAGFLRPKAQIQPSYRAQPRVTYR,51,broad_proxy_stable_MPNN
broad_mpnn_0007,DSPDRMWNTFVFSWDLGRLKEEDRYTTHCCKYNTSEQDVPNWQAMSMSDQCDYQAQYPEDHSRITMIKNFRVTQNRIARDFNTWVVWYHGNDSGNYLCFRLSPAIWASISSSWPAELDVDEI,64,broad_proxy_stable_MPNN
broad_mpnn_0008,DSDERMTNTWWFSPAPLVCRNDDPATCEGRVSNTKEWDETPWYRMGHQMQCTKIAVFVEIDSVPGQDDRMSVTRLPNGGYYHMSLVRFWPNTSGDYMCVYDILADKGSENFSFRMDAHETTR,67,broad_proxy_stable_MPNN
broad_mpnn_0009,KSAIIPWNFPGFSPMASYVTENQHRNFNCSFSGKSESFVLNYYRMSESNLADLLAAFPETRSQPGQDPRFRVMPTPNIRAFHPRVVRVRKHLSSTYLIGAISLANKAQIREMLRAPSVVNRR,46,broad_proxy_stable_MPNN
broad_mpnn_0010,HRHLRPWNPYTWGKALLVVTPGSNFKFTCSFRNLCRSCHGNIVRFIPSNQYDKLAACPPIRNHPGYWCRFRVRQLANGSMFHNSVVRAITLDCGMVLKGAIQVAPKAIIKETASAMLRTTNR,52,broad_proxy_stable_MPNN
broad_mpnn_0011,PVPHFYWEMPTGSPSLSVTTFDDWASFTCARHNTDEIQWLNETQNSCPNMDLILAPIPEQRSSGFLNKRHRVRSAPNMDKFHMDMACARRQQSGQYCDLVISLAPEAQIKMSMRRELSVTMS,66,broad_proxy_stable_MPNN
broad_mpnn_0012,DDADRPWNPQTTSIALLVYTEGDNARFTCSFSNTSEIFVLNWYGMSPSYQQDILAACPRTYEQAYQDCIFRVSQLPGGRTFEMLVVRARRHQSDFHLCPAISEALKMQIHESKRNALRVYEI,40,broad_proxy_stable_MPNN
broad_mpnn_0013,DSEYWTWVKGTFYGALSVDTESDNYQFQISYLNTSESFKLNWYRESCVMTDDCWADWPEEMSQPGQDTTFRVHQLPPGRDFHMMYSGDRRELGLTYLIYAWSIAPKGRGQKQIEHEYEVCRR,61,broad_proxy_stable_MPNN
broad_mpnn_0014,DSCDVPVNPPTFSPALCVMTIGDNATFTCQFSNTQESFERNWLTQSVHGQTRLMAVFPEDRIQPSQDCINRVTQCPNDRDFHMSCVMAFVWDSGDIEKPALSRAPPWQIKPPQSEELRPIEG,48,broad_proxy_stable_MPNN
broad_mpnn_0015,DGPDTPNQPKWRSPQLEGKTEGDNCTFYCGTINLSCSFVANWYRESPSEQTLKLQAMPQSRSQPGCNCFFRPQQLNNGRDFYVKVIRARRNDPCTYLHNTISLDCCWFWTHSLRAELRTAAR,52,broad_proxy_stable_MPNN
broad_mpnn_0016,YSPDVFWPMRTEYEALPVVDEQHNATRDDDFSTYPCCHVLYPERMTPSYYPDKLAAFPMDCSDPLQDCDYNVENERNGVWYMNKVNYIRPTRERTYHRDTISLGAKSQQMEKCSAELRVTIR,68,broad_proxy_stable_MPNN
broad_mpnn_0017,WFPQCPGNWRTFSRAGLTVTEGAESEFTASFWNKKMYFVEGFYKQSPKFQTVLLPAFPEIRSDPGWDCRGRDTWLPKGRSVHVSVSRARRNDSGTYLHGAIKLFPKEPIKASLRVCLRVRYR,51,broad_proxy_stable_MPNN
broad_mpnn_0018,DSPTRPWNAYHDSPALHVRDEQDVATTTKSTNNTSFGFVVGAYRDPKHHQEDNSAYYNEDLQSPEFYWRQDMGQKALPPDDRERKVRYYHNQSYTGNCQAITLNPKSKADWSMRITSLVIED,73,broad_proxy_stable_MPNN
broad_mpnn_0019,DHPDYPWNLPTSSPVMQVVTETDMDMFEGVPYNGRESQVLNLQRMKAASGTGKLAAFPVDATQPYHHYKFRFTVEPNGRDFMMSVVINGRIDRGTDLLGAISEDPKDQLFEWMTPEKTMDEK,60,broad_proxy_stable_MPNN
broad_mpnn_0020,DSRTRPSGPLTFSPQLLVVTEGANATFTRSFMGTRELFVLYIYREKPSNDTNHYALFHGVRSQPWQDCHFRVTQLPNGRDSGMSVVPCQRNWMATYLTPPISVAMCAQIPEILMSERTIQER,48,broad_proxy_stable_MPNN
broad_mpnn_0021,EAPNRSWNPPTSSPALRVVTEEKAETFTCKQSETHEYFPLNWMRFSPSNQTQDSAAFCNDRSQPGQHCRRRSPDGWMMRHFHMSGYRARRNDSGTFGCLADSLAPKASIKSSLHARVHVMGR,47,broad_proxy_stable_MPNN
broad_mpnn_0022,GSPNNTWTCMHYLPFLLVWTQWLQFTFMQSLSTWIESFGLITDEMSAADYTDRLEAYPEYYPYEGQDRTFRVDQRPNLTDFHAQVGRARGKRSGRWLKWATHFNPRRQITESWLPICVYTGV,72,broad_proxy_stable_MPNN
broad_mpnn_0023,EWMESPFQPFNFSKSLRVKKEEDNATFECFFETGSCQIELNPDYRHRSWLCALHLAFGCDRGRPGQMCSYRVYLLMNMMDFNMSVVSAGRNDSITYSKGAMADARNAESHMSLPDGYRVTES,69,broad_proxy_stable_MPNN
broad_mpnn_0024,DFPWRPWNPGTFSPALEQVHEGDNAWFMPYFSNTSISFFLNWMRGSPKNQTVDEANFMEDRSQEGQDCAFMGTQLVNGRKFMMVVPRQRRNDSKTYWCGPISLCGKATIKESRDIELRVTEY,40,broad_proxy_stable_MPNN
broad_mpnn_0025,LSPDDWCNPNTPSPALYVVTEIYNANHTTTHSGSRACEMLDPYFMYHSNDVDMLPMEWEDGKQAGQRCRTRVTSYSNTILFHMNLAPMWREDKRTCKFCAWNPNPKACIDGMLRANRMYTFR,70,broad_proxy_stable_MPNN
broad_mpnn_0026,DIPDMRWCPYKFHPELLWQTMGDHATFMQQDSNTSSEFWYNHLRMQKKNCTISLGANPTSRSQPGQSCSWWVTQDVVKQIPPMTVRPARRNDSHTYLCGYTSLNPKAGIKESLRAELRWTER,53,broad_proxy_stable_MPNN
broad_mpnn_0027,DGDDRPANPPTFSPSLPVVIECDNDTFTCSFPNTSGSIYLNWHRMDPSSCTDKLWHFPEVVSQPIQTCRFRQGQLPNGRAFHMAMVFWNPNDSGSNMCGAISLAPNAHISESLIAVLRVQER,40,broad_proxy_stable_MPNN
broad_mpnn_0028,QSTDMPKDPHPFSPLLNVVYEDVNLTFCCSFSNIREVFVLDNYFMHASNCDFKTAAYPEEKSWPGQDCRFPTTQKPIGRDFHCSVKRCRWFDSGCDLIFANSLAPPAQAKEKLRMEQGTTHR,52,broad_proxy_stable_MPNN
broad_mpnn_0029,DWPLRQWCYPVFEPAMLVCTEEDNATPNVSFSNHCWSFMLNWMPMHPVNQTDKLAAMPISRMQCGQVCTFRPKQKPNGRDRHMSSERARANPQGTYCCGAISRAPKAHIKWQLRGDLFNMET,48,broad_proxy_stable_MPNN
