candidate_id,design_sequence,mutation_count,ddG_binding_vs_WT,ddG_stability_vs_WT,clash_increase_vs_WT,is_WT
WT,DSPDRPWNPPTFSPALLVVTEGDNATFTCSFSNTSESFVLNWYRMSPSNQTDKLAAFPEDRSQPGQDCRFRVTQLPNGRDFHMSVVRARRNDSGTYLCGAISLAPKAQIKESLRAELRVTER,0,0.0,0.0,0.0,True
demo_foldx_0000,PSKWAIWNPPTFSPRLLVGTEGDNITFTNSFSNTSCSFVLNWYRMSPSCTIDKLAAFPEDRSQPGQDMRYRVTQLPNGRDFSMSVVRHRRNDYPTYLCGPISQACKAQIHESDAAELRVTER,25,-2.8332,0.0894,1.2579,False
demo_foldx_0001,DSPDRPWNPPTHSPALNVLTEGDNATFTCSLSNTSEGFYLVWYRMSPSNGTDKLAAFPEDRSQPGQDWAFRVLQLPNGRDFHMSVVRAERNDSMTYLCGAISLAPKAQIKMDLRAELTVTER,16,-1.6337,1.1601,0.9762,False
demo_foldx_0002,DSPDRPQFPPTFSPALLVCPEGDNATFTCSFSPTGESFVLNQYRMSPSNQTDKLAAGPEDNHQPGQDCRFRKPQLRNGFDFHMSVDRARTNCSGTYPCGAISRAPKAQYKEGKRNELRVTER,23,-3.4784,0.962,1.2659,False
demo_foldx_0003,DWPDRPMNPPTFSPFLRVVTEGDNATFTHAFSNTSESFVLNWYLMSPSNQTDELAAFPEDRSQPIQDCRFRVTKLMNGRDFHMSVCRAGRNDSGTYLEGAIKLAPKAQTKECLRAELRVTER,17,-1.72,-0.2545,1.0837,False
demo_foldx_0004,DSPDRPWNPPTFSPALLVVTETDNNTFTCSFSNTFESFVLNWYRMSPSNQTDKLAAFPEDRTQPGQDCRFRVTQLPNGRDFHMSVVRARRNDSGTYLCGAISLAPKAQIKESLRAELRVTER,4,-0.1556,-0.8638,0.2235,False
demo_foldx_0005,DSPDRPWLPPLFSPALLLVTEGDNATFTCSFWNTSESFVLNWYRMSPSNGTDWLAAKDEDRSQPGQDCRFRVTQLPNGRDMHMSVVRARRNDSGTYLCGAISLAPKAQIKESLRAELDVTER,10,-0.6705,-0.1689,1.1469,False
demo_foldx_0006,DSPDRPNNPPTFSPALLVVCVGDNLTFTLSFSETSESFVPNWYRMNPSNQTDILAKFPEDRPQPGQLCRFRPTQLPNGRDFHNSVVRARRNDSGTYLKIIESLAPKAQIKLSLRAELRVTER,19,-2.0864,1.3749,1.2691,False
demo_foldx_0007,DSPDRPWNPPTFSPALLVVTMGDNATFTVSFSNTSESFVLNWYRMSPSDQWDKLAAFPEDPSQPGQDCRFRVTQLPMGRDFHFSVVRARRNPSGTYLCGAISLAPKGQIGESLCADLRVTER,12,-1.1753,0.8964,1.1179,False
demo_foldx_0008,DSPDRPINPPTFSPALLVVTEGDNATFTCSFSFTSESFVLNWEYMSPSNQTDKLAAFPEDRSQPGQDCRFRVTDLPNGRDFHMSVVPARRNDVGWYLPSAISLAFKAQIKESLRAELRVTER,11,-1.2498,0.6782,0.2821,False
demo_foldx_0009,DSPDRPWNPPTHSPALLVVTEGDNATFTCNFSHTSESFHLNWYCMSPSNQTDKLAAFPEDRSQPGQDCRFRVTQLPNGRDFHMSVVRARRNDSGTYKCGAISLAPKAQIKESLRAQLRVTER,7,-0.4647,1.5871,0.3894,False
demo_foldx_0010,DSPGEPWNPPTFSPALLVVTEGDNATFMCSFSNTSRSTVLNWYRNSMSNQTKKLAAFPEDRYQEGIDCRFRVNQLPNGRDFHMSVVRARRNDSGTGLFGAISLQPAAQIKESLRAELRVYQP,19,-2.1711,0.3608,0.9637,False
demo_foldx_0011,DSPDRPWNFNTFSPAVLVVTEGDNATFTCSFMDTSCSFVLNWYIRSPSNQTDKLAAFPEDRSQPVQDSLFRVEQLPNGRDFHMTVVRARRNDSGTKLCGAISLAPKAQIKESLRAELRVTMR,15,-1.2685,0.6884,0.5197,False
demo_foldx_0012,DSPDRPWNPPTFSPALLVVTEGDNATFTCSFSNTSESFVLNWYSMSPSNQTDKLKAFPEDRSVPGQDCRFRVTQLPNGRDFHMSVVSARRNDSGTYLCGAISLARKAQIKESERAELRVTER,6,-0.292,-0.0767,0.0,False
demo_foldx_0013,DWPDRPWNPPTLSPQLLVVTEGDVETFTCSFSNTSESFVLNWYRMSPSNQTDKLAAFPEDRSQPGQACWQRVGQLPVNRDFNMSVVCARRLDSGTYLCWYISLTPFAQSKHSLRAELRVTER,20,-1.8323,0.7156,0.9113,False
demo_foldx_0014,DSPDHPWNCPTWSDALLVVTEGDNATFTCSFSNTSRSFVLNMYAHSPEAQIDKLAAFPKDFKQPGQDYRFRVIQLPNGRDFHSSVVMLRRNDSGTYACGEISRAPKAQIKPSLRAELRVTEN,24,-1.9806,-0.1203,1.3583,False
demo_foldx_0015,DSPDRPWNPPTFKPALLVVTEGDLATFTCSFSNTYHSFVLNWYRMSESYQTDKLAQFPEDRSQPGQDKRFRVTQLPKENDFHMSVVRAVRNDSYTHLCGAISLAPKAQIKESLRELCLVTER,18,-1.3996,0.2355,1.0573,False
demo_foldx_0016,DSPDSPWNPPTFSPALLVVTEGDNATFTCSFSNWSRSFVLNWMRMSPDFQTDKLSAFPYDRSQPGNDCEFRVWQYPNFQDFRMSVVRARRNDSGTYVCGAISLAPKAQIEESLRAELRVTHT,19,-2.081,0.9712,0.7635,False
demo_foldx_0017,DSPDRPWNPPTFSPALLVVTEGDVPTHTHVFSNTSESFVLPWYLYQPSNQTDKLAAFPEDRLQPGQDCRFRVMQLPNGRDFHMSVVRARRNDSVTYLCGAISLAKKAQIKESLRAELRVTER,13,-1.6285,0.7272,0.6165,False
demo_foldx_0018,DSPDRKWNPPTSSPALLVVTEGDNASFTCSFSFTSTSFVLNWYRMSPSNQTDKLAAFPEDRSQPGQDCIRRVTQKPQGRDCHMSVKRARRNDDSTYLLGTISLAPSAQIKEKLRAELRVTER,17,-1.7512,1.2876,0.3404,False
demo_foldx_0019,DSPDPPWNYPTFSKALLVVTEGDNATFKCLFSNTSEHFVLNWYFMSPSNQTDKLVAKPEDRSQPSQDCCFRVTQLWNGRDFHMSVVRALRNKSGTYLHGAISLAPYAQIKESLRAELRVTER,16,-0.9105,0.297,0.6408,False
demo_foldx_0020,DRPDRPWNPPTFSPALLVVTEGDNATFTCSFSNTSESFVLNWYRMSPSNQTDKLAAFPEDWSQPGQDCRFRVTQLPNGRDFHMSVIRARRNDSGTYLCGAISDAPKAQIKESLRAELRVTER,4,-0.2489,-1.2511,0.559,False
demo_foldx_0021,DSPSVPWNPPTVSPATLVVTYGDDATQTCSYSTTSESFVHNWYDMSPSNQTDKCAAFPEDRSQPGQDCRFRVTQLPNGREPHMSVVRARRNYSGTYLWGFISLAPKAQIKESLRAELRVTER,17,-1.7215,0.2008,0.9506,False
demo_foldx_0022,MHPFRPWNPPTFSPRLLVGTECDNATFTCSFSNNSMSFSLNWYRMHPSTQTDKLAAFSEDRSQPGQDCRFRPTQYPNGRDFHMSWVRATRNDSGTYDCGAISLAPAKQIKESLRAELRVTER,19,-1.9254,0.5368,0.0751,False
demo_foldx_0023,DSPDRPWNPPTFSPALLVVTEGDNTTTTCSFSNTSESFVLNWYRMSPSNQTDKLAAFPEDRSQPGQDCRFRVTQLPNGRDFHMSYVRARRNDSGTYLCGAISLAPKAQIKESLRAELRVTER,3,-0.1975,-0.3536,0.0,False
demo_foldx_0024,DSPDRPWNPPTFSPALLVVTEGCNATFTCSFSNTSEMFVLNWYRMSPSNQFDKLAAFPEDRSSPGQHCRARVTQLPNKRDFHMDVVRARRNDSGTYLCGAISLSAKAQIKESLRAELRVTER,10,-0.8874,0.6615,0.1373,False
demo_foldx_0025,DSPIDEWNPPTQSPAPLVVTEGDNATFTCSFSNTSESFHLNWYRMSPSNQTDKLAAFPEDRSQPAQDCRFRVEQLHNGRDFHMSVIRALRNDSGTYLCGAISLAPKAQIKESLRAEWRVTER,12,-1.4707,0.7746,1.0788,False
demo_foldx_0026,DSPDLPWNPWTFSPALLSVTEGDNATFTCSFSNTSESWVLNWYRVSPSNQTDKLAAFPEDRSQPGQDCTFEVTQLPNGRDFHMSVVRARRNDSITYLCGYIQLAPKAQIKESLRAESRVTER,11,-1.3638,0.6552,0.4808,False
demo_foldx_0027,QSPDRPWNSYTWSPALLVATEGDNATFTPSFSNTRESFVLYWYRMSPSNQTDKLAAFPEDTSQPGQDCRFGVTQLPNGPDIHMSVVRARQNDKGTYLCGAIPLAPKFQIKEALRAELRVDER,18,-1.8998,0.8104,0.5166,False
demo_foldx_0028,DSPDRPWNQPTFSPALLVVTEGDNATFQCSFSNTSESFVLNWYRMSPSNQTDKLAAFPEDMSQPGQDCRFRVTQWPNGRDFHMSVVRARRNDSGTYLCGAISLAPKAQIKESLRAELRWTER,5,-0.5566,1.4569,0.0,False
demo_foldx_0029,DSPDRPWNTPTFSPALLVVTEGDNATFTCSNSNTSLSFVLNWYMMSTSNQGDKLAAFPEDRSQPGQACRFRVAQLPNGRDFHMSVERRRRNDSGTYLCGAIALAPKAQIKESLRATLRVTER,12,-1.5679,0.2788,0.7753,False
demo_foldx_0030,DSPDRPWNPPTFSPALTTVTEGDNATFTCSFSNTSESFVLNWKRMSPSNQIDKLAQFPEDRSQPGQDCRFRVSQLPEGRDFHMSVVRARRNDSGTQPCGNISLAPKAQIKESLRAELRVTER,10,-1.0981,0.1825,0.9109,False
demo_foldx_0031,DSPDRPWNPRTFSIALLVVTEGDNATFTCSFSNTSFLSVLNWYRMSPSNQTDNLAAFPEDRSQPGQDCRPRVTQLPNGRDFQMSVVRARRNDSGTFLCGAISLAPKNQILFSLRAELRVTER,12,-0.6538,0.4719,0.7723,False
demo_foldx_0032,DSPDRPWNPPTFSAALLVVAEGDNANFKCSFDNTSESFVLNLYRMSPSLQTDKLTAFPHGRSQPGQDCRHRRTELPNWTDFDMLVVRARRNDTGTYLCGVMSLDPKAQIKESLRFELRDTER,23,-2.4421,0.5525,1.0835,False
demo_foldx_0033,DIPDRPWNPPGFSPALLVVTEGDNATFQCSFSNTSQSYVDNWYRVSPSNQTPKLAAFPEDRSQPGQDCRFRVTALPNWRDFHMSNVRARRQDSGTYLCGARSLAPKAQIKESDVAELRVDER,16,-1.2411,0.7669,1.4871,False
demo_foldx_0034,DSPDRDWNPPTFYPALLVYPEGDNATFTCSFSNTSESFVINWYRMSPSNQTDQLAAFPEDRSQPGQDCRFRVMKLPNIRGFHMSVVRARRNDSGTYLCGTISLMPKAQIKESLREELRVTER,13,-1.2427,0.2217,0.543,False
demo_foldx_0035,DSPDRPWHPPTFPPALHVVTEGYNATFTCSISNTSESFVLNMYRMSVSNQEDKLTAAPEDRSKSGQDCRFRRTQLPNGRDFHMSVVRARRFDSGDYLCGAISLAPKAHIIESLRAELRVTEK,18,-1.7503,0.9701,1.5857,False
demo_foldx_0036,DSPERPWNPPTFSPALLVVTEKDNATFTCSFSNTSESFVLNWYRMSPSNQTDKLAAFPEDRSQPGQDCRFWVGQLPNGRDFHMSVVRARRNDSGTYLCGAISLWPKAQIKEILRAELRVTER,6,-0.7367,0.5876,0.0,False
demo_foldx_0037,DSPDRTWNNFTFSPALLVVTEGDNNTFTCSFSNNSASLVLNWYRMMPSNQTDKLAAFPEDRSQPGQDCRFRVTAHPNGRDWHMSVVRAQLNDSGTYLGGAISLAPKAQIKESLRAELRVTER,14,-0.9677,0.1402,1.1974,False
demo_foldx_0038,DSPDRPWNPPTGSPALLVVTEGDNAYFTCSFSNTSESFVLIWYEMSPSNQTDKLANFPEDRSQPGSDCRFRVTQLPNGRDFHMSVVRARRNDSGTYLCGAISLAPKAQIKTVMRAELRVTER,9,-0.7251,0.7364,0.7682,False
demo_foldx_0039,DSPDRPWNPPTFSPALLVVTEGDNATFTCSFSNTSESFQLNWFRMSPSNQTDKLAAFPEDRSQPGQDCRFRLTQLPNGRDFHMSVVRARENNSGTYLCGSISLAPKRQIKESLRAELRVWER,8,-1.3207,0.9647,0.0,False
